term,statistic,df,p.value
patch_type,73.4223816665672,3,7.891968591028412e-16
