term,statistic,df,p.value
patch_type,73.41417920639773,3,7.923970771059618e-16
