term,statistic,df,p.value
patch_type,73.41544687881586,3,7.919016441806661e-16
