term,statistic,df,p.value
patch_type,73.42564477711032,3,7.879273405043338e-16
