term,statistic,df,p.value
sp_code,1044.6772143164292,5,1.2757447271353397e-223
patch_type,254.64241662172017,3,6.481907201620023e-55
sp_code:patch_type,110.36918297802188,15,1.3696448842243068e-16
