term,statistic,df,p.value
patch_type,73.44369411609124,3,7.809420011042495e-16
