term,statistic,df,p.value
sp_code,1044.6802643446617,5,1.2738062489396913e-223
patch_type,254.63787706180122,3,6.496578955294896e-55
sp_code:patch_type,110.37213783680225,15,1.3678561605360248e-16
