term,statistic,df,p.value
patch_type,73.4486240065122,3,7.790448532251462e-16
