effect,group,term,estimate,std.error,statistic
fixed,NA,(Intercept),61.59333333333376,17.199370937672175,3.581138726325419
fixed,NA,patchConnected,-7.336500000000027,8.659131968104965,-0.8472558250669098
fixed,NA,patchRectangle,-23.295716666666703,8.659131968104964,-2.6903062284388457
fixed,NA,patchWinged,-9.608283333333366,8.659131968104965,-1.1096127612703564
ran_pars,block,sd__(Intercept),32.14517552797708,NA,NA
ran_pars,Residual,sd__Observation,12.24586186767247,NA,NA
