effect,term,estimate,std.error,statistic,p.value
fixed,(Intercept),2.3978952729051795,0.15075567800707948,15.90583721027459,5.772641568771589e-57
fixed,patch_typeConnected,-0.046520015741552734,0.21572389570070002,-0.21564609516460617,0.8292636222984733
fixed,patch_typeRectangle,-0.12062798725460956,0.21992794659154905,-0.548488671513131,0.5833564057637343
fixed,patch_typeWinged,-0.0953101797161134,0.21846573216672688,-0.43627061677286466,0.6626403979171283
