effect,group,term,estimate,std.error,statistic
fixed,NA,(Intercept),5.287011311645602,0.6648353758208668,7.952361597963665
fixed,NA,patch_typeMatrix,-0.08457722534219327,0.49543670492157144,-0.17071247346435908
fixed,NA,patch_typeRectangle,0.1491148057786615,0.4954367049215713,0.300976500726297
fixed,NA,patch_typeWinged,-0.33548439831826116,0.4954367049215714,-0.6771488567270546
ran_pars,block,sd__(Intercept),1.1300925849701016,NA,NA
ran_pars,Residual,sd__Observation,0.7006533073975233,NA,NA
