effect,group,term,estimate,std.error,statistic
fixed,NA,(Intercept),5.202434086303408,0.6648353758203375,7.825146307661724
fixed,NA,patch_typeConnected,0.08457722534218974,0.49543670492175346,0.17071247346428925
fixed,NA,patch_typeRectangle,0.23369203112085304,0.49543670492175335,0.47168897419047934
fixed,NA,patch_typeWinged,-0.25090717297606957,0.4954367049217533,-0.506436383262513
ran_pars,block,sd__(Intercept),1.1300925849686967,NA,NA
ran_pars,Residual,sd__Observation,0.7006533073977808,NA,NA
