effect,group,term,estimate,std.error,statistic
fixed,NA,(Intercept),4.180713093440787,0.6397530922891743,6.534885323463299
fixed,NA,patch_typeConnected,-0.10655895253083622,0.4107214250111754,-0.2594433746131866
fixed,NA,patch_typeRectangle,0.05869031624203283,0.41072142501117537,0.14289567738141715
fixed,NA,patch_typeWinged,-0.4799602629047835,0.41072142501117537,-1.1685785880094377
ran_pars,block,sd__(Intercept),1.1400666201796368,NA,NA
ran_pars,Residual,sd__Observation,0.5808478096080083,NA,NA
