effect,group,term,estimate,std.error,statistic
fixed,NA,(Intercept),4.074154140909942,0.639753092287519,6.3683227014070125
fixed,NA,patch_typeMatrix,0.10655895253083623,0.4107214250116215,0.25944337461290484
fixed,NA,patch_typeRectangle,0.16524926877286913,0.4107214250116214,0.4023390519941671
fixed,NA,patch_typeWinged,-0.37340131037394725,0.41072142501162145,-0.9091352133952636
ran_pars,block,sd__(Intercept),1.1400666201756011,NA,NA
ran_pars,Residual,sd__Observation,0.5808478096086391,NA,NA
